Metabolite,Median_0_1R,Median_2R_plus,median_diff,p_value,FDR
Mycophenolate..C18.,20.097951084552008,19.638810802862608,-0.45914028168940035,0.09046035513769149,0.6040320211186802
