Metabolite,Median_0_1R,Median_2R_plus,median_diff,p_value,FDR
Cortisone.acetate..HILIC.,15.742306830513764,15.53024479912948,-0.21206203138428315,0.04916765507365827,0.6883471710312158
