POD_Stratum,Analysis_Type,Metabolite,Median_Never_2R,Median_Ever_2R,median_diff,p_value,n_never_2R,n_ever_2R,FDR,Analysis_Group
Early (≤30 days),Predefined Time Periods,Cortisone..HILIC.,15.494735323648822,15.084372466311516,-0.41036285733730615,0.09453781512605043,5,13,0.4411764705882354,Predefined
Early (≤30 days),Predefined Time Periods,Prednisone..C18.,16.366785807047524,15.972232697417462,-0.3945531096300616,0.09453781512605043,5,13,0.4411764705882354,Predefined
Early (≤30 days),Predefined Time Periods,Dexamethasone.acetate.anhydrous..C18.,15.96231089862046,15.400726068420482,-0.561584830199978,0.09453781512605043,5,13,0.4411764705882354,Predefined
Late (>90 days),Predefined Time Periods,Mycophenolate..HILIC.,24.625534612120813,23.301817097621825,-1.3237175144989877,0.07802197802197802,12,4,0.5461538461538462,Predefined
Late (>90 days),Predefined Time Periods,Dexamethasone.acetate.anhydrous..C18.,15.740245177545143,14.256912107653084,-1.4833330698920584,0.03910594620994303,12,4,0.5461538461538462,Predefined
Below Median POD,Median Split,Mycophenolate..HILIC.,24.287957336096678,25.094571873987306,0.8066145378906278,0.046405228758169936,4,14,0.32483660130718955,Median Split
Below Median POD,Median Split,Dexamethasone.acetate.anhydrous..C18.,16.144957233420705,15.493542643774788,-0.6514145896459169,0.011764705882352941,4,14,0.16470588235294117,Median Split
Above Median POD,Median Split,Mycophenolate..HILIC.,24.91442213768791,23.05923788635436,-1.8551842513335508,0.015126050420168066,13,4,0.2117647058823529,Median Split
Above Median POD,Median Split,Dexamethasone.acetate.anhydrous..C18.,15.641745578662604,15.03598555892414,-0.6057600197384652,0.059663865546218484,13,4,0.41764705882352937,Median Split
