Metabolite,Median_0_1R,Median_2R_plus,median_diff,p_value,FDR
Prednisone..HILIC.,15.203320308019874,15.784451276923015,0.5811309689031408,0.07185761957730813,0.657499073044123
